,trial_index,arm_name,trial_status,generation_method,AUC@1,AUC@10,AUC@11,AUC@12,AUC@13,AUC@14,AUC@15,AUC@16,AUC@17,AUC@18,AUC@19,AUC@2,AUC@20,AUC@21,AUC@22,AUC@23,AUC@24,AUC@25,AUC@26,AUC@27,AUC@28,AUC@29,AUC@3,AUC@30,AUC@31,AUC@32,AUC@33,AUC@34,AUC@35,AUC@36,AUC@37,AUC@38,AUC@39,AUC@4,AUC@40,AUC@5,AUC@6,AUC@7,AUC@8,AUC@9,Weighted_AUC,Weighted_F1,layers,lr,batch_size,aggregation,hid
21,21,21_0,COMPLETED,BoTorch,0.4024699717056952,0.3891485285860554,0.389360460635686,0.38964670652090144,0.3903540641410972,0.3911329832325968,0.39198896852396203,0.39278715416542814,0.38108095249423124,0.38424704154377076,0.37408010461806707,0.38919256641455013,0.3779141937235735,0.36116951612332304,0.3619254553342304,0.353356488071514,0.34945233801082126,0.3503451171055072,0.352078494276459,0.34893884892086335,0.34148330330251336,0.35018897237866176,0.3891815569574264,0.3503681392235609,0.34894330136858764,0.3557246566955305,0.3643937451935402,0.3733388467461359,0.37622929606625255,0.3736885078587467,0.37697806149973034,0.37490900266925503,0.3769456935316499,0.38917329986458365,0.363499245852187,0.3892255947859211,0.3892641278858539,0.3893384417214387,0.3893604606356861,0.38928889916438225,0.37649151479487536,0.025346435682344876,2,0.017556830184023483,16,mean,128
25,25,16_0,COMPLETED,BoTorch,0.5,0.3884246567801742,0.38860631282271474,0.38878521650097436,0.38919807114311195,0.39000451387742074,0.3910861930398212,0.39170272263874667,0.38008480624212004,0.3832320313339622,0.373099310238724,0.3879237264810473,0.3769282490916379,0.36039432232487345,0.3617931014198634,0.35328328222480704,0.34915761228170505,0.3503402356754435,0.35229202037351437,0.3490227817745803,0.34195678192363843,0.3498453862356403,0.38792923120960904,0.3501506024096386,0.34864537752537006,0.3551342604740663,0.36404768008203026,0.373110705526721,0.3771350931677019,0.3738926311492141,0.37754001078942634,0.376631885464693,0.37876167416118994,0.387896202838238,0.36384204031262857,0.3879787737666656,0.3881907058162962,0.3882540101947573,0.38829529565897103,0.3883063051160947,0.3788862251162747,0.025346435682344876,2,0.1,32,mean,128
12,12,12_0,COMPLETED,BoTorch,0.3874393103676058,0.3873539870748973,0.3875851856744944,0.3876457376886746,0.38822923891622907,0.38838612368024134,0.3896714777994297,0.3901586462771521,0.37917489354616174,0.3811960402660521,0.37141657478396883,0.578786427541258,0.3749595924331174,0.35820678914020737,0.3594585254303341,0.351599547750547,0.3469669643249901,0.347855587772994,0.35012030372785313,0.3475359712230216,0.34012862835873897,0.3482320252162352,0.38717783576091863,0.3476656626506024,0.3463457778605344,0.3519636140995364,0.36118943860548575,0.3703017167626761,0.37391627846790887,0.3713410900183711,0.3748876101420608,0.3735501091967968,0.37720511933586987,0.38712003611101936,0.3619909502262444,0.38719159758232324,0.3872466448679416,0.38741729145335835,0.3874117867247966,0.3873457299820546,0.37974318662955503,0.07603930704703463,2,0.0020946866762740035,32,sum,128
19,19,19_0,COMPLETED,BoTorch,0.6113716682630379,0.38781638427409143,0.38797877376666556,0.3881329061663969,0.38872741685107504,0.3894733075712037,0.3902797503055125,0.3910696788541358,0.37940088493470037,0.38251256821465673,0.37232044411395165,0.3877530798956304,0.37633991491782715,0.3598881455523698,0.3614291281553541,0.3527301713830212,0.3485857563893899,0.34979351550830334,0.3519535033903778,0.3489448441247002,0.34154248813015403,0.34958396199638486,0.38774207043850667,0.35026773761713526,0.34862675728516895,0.35469692993964835,0.3634965393488849,0.3729966349170136,0.3767792443064182,0.3734231475811389,0.37754001078942634,0.37655908760009704,0.3797993773780699,0.3876127093173035,0.3636363636363636,0.3876705089672028,0.3877778511741586,0.3878466602811815,0.3877475751670685,0.3877338133456639,0.38187651784184024,0.0,3,0.05195459896694642,16,mean,128
5,5,5_0,COMPLETED,Sobol,0.4083325076240491,0.39048067289801935,0.3902659884841078,0.39072563331902105,0.3902384648412987,0.39192015941693914,0.3916394182602856,0.39175501756008413,0.37812819658871943,0.3821185054273193,0.3712402882125183,0.5,0.375095361857843,0.357658135995186,0.3590320517062625,0.35092036017276584,0.347054942154577,0.3477091448710814,0.3496203401835283,0.3461330935251798,0.3388660187024055,0.34685768064414935,0.3796859001882617,0.3464524765729585,0.34394376687459266,0.3500284264847371,0.3588951550884389,0.3692750812753094,0.3733501552795031,0.36991222698509896,0.37394353533537134,0.3711720456199952,0.37530266343825663,0.38458235624401355,0.3594542712189771,0.6032274223558036,0.3889365965364248,0.38864484592264753,0.390461406348053,0.3905715009192896,0.3846717275978611,0.6837621671531833,3,0.00043134529457281354,16,sum,128
17,17,17_0,COMPLETED,BoTorch,0.6126377558322599,0.38820446763770083,0.3884329138730169,0.38843841860157874,0.3887136550296705,0.38878796886525524,0.38946780284264176,0.39019993174136586,0.37905000356828505,0.3803959733947912,0.3701601323110849,0.6130726293886448,0.3739930434332855,0.3565183533326254,0.3577489540364267,0.35042418721175195,0.34592002815290546,0.34613244296048973,0.3487610278417199,0.3460011990407674,0.3390106927255271,0.3460883464543404,0.6139699001442238,0.3455153949129853,0.34374825435248113,0.3497988279541678,0.3587798000512689,0.3680203045685279,0.3714738612836439,0.3696876913655848,0.3729095486423305,0.3700072797864596,0.3736308082555056,0.3892008235073928,0.35911147675853555,0.3881356585306779,0.3880173068665984,0.3879347359381709,0.3881026301593068,0.38802005923087934,0.3940477728104347,0.8528755723780858,3,0.02624932291067976,16,sum,128
0,0,0_0,COMPLETED,Sobol,0.6120157215047726,0.3880200592308793,0.3884329138730169,0.38890632052933477,0.3901311226343429,0.39145500985346415,0.3928036683511136,0.3938578238707049,0.3830554035730428,0.38898773628840616,0.37929177671222336,0.6118918651121313,0.38531685997646664,0.37028423772609825,0.3716130265663718,0.36269430051813467,0.35861522896230147,0.3601665543937752,0.36069244950888996,0.35815347721822544,0.35237331158838925,0.3626402354312006,0.40309200603318246,0.36547858099062913,0.36634391583651427,0.37235415026677166,0.38085106382978723,0.3904351793760338,0.39212927018633537,0.38883445601143096,0.39839956842294555,0.3980587236107741,0.40078404243053156,0.3846318988010701,0.3880433292197998,0.3852236571214674,0.38577963470621257,0.38603560458433794,0.38617872752694565,0.3878879457453953,0.39530840706764014,0.12673217841172438,2,0.005537727881833665,32,sum,128
15,15,15_0,COMPLETED,BoTorch,0.5,0.4116656207682399,0.41157754511125055,0.41189681936783695,0.41188580991071333,0.41282436613050605,0.4132922680582621,0.41452257489183214,0.4013815210409877,0.4050010150102098,0.3898817918408164,0.4125546344309762,0.39345656024929854,0.374011539414534,0.37267921087655054,0.36427229321381804,0.3602076276778252,0.36012262152320146,0.3626714718718427,0.36148681055155873,0.35332026883063933,0.36058618783705054,0.4124665587739868,0.3616633199464525,0.36363467088725443,0.36922723694568355,0.3759677005895924,0.3819654366052587,0.37742624223602483,0.3746887119820371,0.3780345261643589,0.37362290706139284,0.37083477458780123,0.4125408726095716,0.37395447689565336,0.41216930343164776,0.41185002917506147,0.4118775528178706,0.41182250553225225,0.41190232409639876,0.39558463675048144,0.8275291366957409,3,0.0001,32,mean,128
9,9,9_0,COMPLETED,BoTorch,0.6061476808578569,0.39158437097466725,0.39146326694630684,0.39180731248142153,0.391526571324768,0.3929633054794068,0.3936183681782651,0.39517345399698345,0.3808698289602017,0.38403508352936966,0.3728332777763532,0.3874475674604485,0.37675368840270507,0.3591129517539202,0.3487709468451974,0.3405902018041175,0.3375665332336251,0.3360815784592254,0.3401731123772225,0.3824520383693045,0.3622242973445741,0.3487996892786185,0.4024039149629532,0.3318022088353414,0.3223070477609161,0.326292311729205,0.33126121507305817,0.3399731934067188,0.33399650621118004,0.33372116758522147,0.33480938680093514,0.3264741567580684,0.3268765133171913,0.6015980227015005,0.32490058960647195,0.6218636809018947,0.6218471667162092,0.3910889454041021,0.3911494974182823,0.3916779513602184,0.3979671562373211,0.5467572820833534,2,0.001490563522780467,16,sum,128
13,13,13_0,COMPLETED,BoTorch,0.6165240941969151,0.39668725435148794,0.3952450154682873,0.3941798504915722,0.3934504739571292,0.3925642126586738,0.3932357895432176,0.3938963569706378,0.3816072745438542,0.3820438723236569,0.5047501217979948,0.6136120927877047,0.37629465844291865,0.36047927506990896,0.3620761917367039,0.35327108125035583,0.3493687590727137,0.35047691571722855,0.3524586748882894,0.34929256594724223,0.3425025975563242,0.35042798882598114,0.6149249705497022,0.3508366800535475,0.34911088353039754,0.355418525321438,0.3641117662137913,0.37358124679176413,0.3777820910973084,0.3751377832210655,0.3799676317209135,0.3784518320795923,0.3815288827395365,0.6175149453380454,0.3651446592623063,0.6194828857989013,0.5987823540421222,0.43218174411819754,0.41246105404542505,0.399180896389999,0.4242790143707087,0.5885162584909016,3,0.032826618501297984,16,sum,128
8,8,8_0,COMPLETED,BoTorch,0.3892008235073928,0.6126983078464401,0.6123927954112582,0.6130974006671732,0.5398294635091543,0.3897182679922053,0.3910283933899219,0.3915293236890489,0.3807479125532269,0.3841992763574269,0.3741890817713275,0.38827878147328554,0.37905853601768885,0.3634915578209621,0.3641423833998779,0.355853620842518,0.351906919456297,0.35272725497661794,0.3545106086014561,0.3517086330935252,0.34486341456998937,0.3534754485293019,0.6205040129471217,0.3539993306559571,0.35336560841634856,0.3599230298259425,0.3687003332478852,0.3780300005703531,0.381340579710145,0.3802000408246581,0.3850701312713541,0.382916767774812,0.38495906837311195,0.38786592683114796,0.3692581927876045,0.3883723618588368,0.40141306382182296,0.6146139533859585,0.6136148451519856,0.6132129999669715,0.43050633937220684,0.3295036638704834,2,0.012198771857506842,16,sum,128
20,20,20_0,COMPLETED,BoTorch,0.5,0.47581772742786055,0.4754736818927458,0.475369092050071,0.4736846451101496,0.47278186962600877,0.471342383107089,0.47079191025090555,0.46178961391155415,0.46138184684093,0.44507230954639865,0.47531679712873365,0.44489054398282846,0.4252876004389225,0.4211317730277428,0.41788337495221284,0.4179738705846126,0.41317888488611626,0.416412344933182,0.4193165467625899,0.41412281509344623,0.4126021421849091,0.47538285387147555,0.40990629183400273,0.4113490364025696,0.42136796991165926,0.4277621122789029,0.43164318713283517,0.4114906832298137,0.4218411920800163,0.4186971767667686,0.41426838146081046,0.4175025942580422,0.47533881604298095,0.42664198546551496,0.475536986271207,0.4755177197212406,0.475768184870804,0.4758287368849842,0.47585350816351246,0.4508002897874121,0.025346435682344876,2,0.0001523491002016101,16,mean,128
3,3,3_0,COMPLETED,Sobol,0.5,0.470709339322478,0.4708001673437483,0.4797205799782013,0.49311083220486396,0.5023835474672744,0.5121104028360361,0.5199546410366505,0.5016711468468253,0.5107382109549454,0.49012795199876924,0.4726002135834682,0.47915292809392657,0.4599341616225974,0.4530474488783005,0.4476171496896886,0.4389565829410988,0.4266858018725166,0.4155217848698532,0.40956235011990405,0.3947299199031999,0.39029891994442867,0.4726002135834682,0.3627593708165997,0.32946653011823857,0.34933963089302894,0.3741092027685209,0.38930873210517314,0.37051953933747417,0.39493774239640744,0.3855421686746988,0.39919922348944425,0.41104577424190014,0.4780113617597517,0.4278417660770602,0.4707148440510399,0.46091917957525513,0.46825423038389974,0.46800376523433634,0.4720332265415991,0.45403569592448806,0.8528755723780858,2,0.00014041306205462534,64,max,128
28,28,22_0,COMPLETED,BoTorch,0.49231815129195977,0.5080644273430877,0.5008917660270171,0.4996036595435479,0.4697239929099096,0.47053869273706117,0.45597318096244677,0.4608944082967269,0.47227145134048576,0.4637462235649547,0.4754544988333034,0.5028514493950303,0.46429910650788103,0.47045414321616935,0.47100346326075926,0.4790427928843917,0.48024457836625173,0.47409425065167093,0.48040247065318153,0.4800239808153477,0.48338221561690314,0.47165414320072896,0.5028404399379066,0.47227242302543504,0.4548366073922353,0.46499169071984603,0.4690079466803384,0.4681457822392061,0.4457815734989648,0.47756685037762814,0.4630462147095846,0.4621693763649599,0.4747492217225873,0.5006770816131056,0.47333059097764973,0.5117911285794496,0.5115544252512909,0.5099855776111679,0.5104039369818674,0.5112571699089519,0.4828437441244159,0.6917302738600059,3,0.1,64,max,128
1,1,1_0,COMPLETED,Sobol,0.5,0.4438655304906915,0.4504134051149938,0.45225198445464654,0.48848410784864194,0.49249155024165764,0.5157930662439035,0.5178188063546586,0.5088433998620263,0.5202464683615347,0.5120259493833175,0.41271427155926943,0.5229902892535268,0.5183214753460055,0.520422944286355,0.5144744226905589,0.5116966524435842,0.5176170811000791,0.5106815128063578,0.5091067146282974,0.50468875356753,0.5176797478376481,0.4128050995805397,0.514842704149933,0.5306209850107066,0.521363596606315,0.5173545244809024,0.5164546854502938,0.5400815217391305,0.5119412124923454,0.5240064736558173,0.5266682843969911,0.5141819439640263,0.41985940923253073,0.5111750994103936,0.42638251257830473,0.4321872488467594,0.4370148957954883,0.4398388215477095,0.4426627472999306,0.48670150503414183,0.0,3,0.0007508428155332961,64,max,128
6,6,6_0,COMPLETED,Sobol,0.5,0.5392652288315664,0.5320980722440577,0.531487047373694,0.4971100175050369,0.49866785568803607,0.47087998590789487,0.47419383250211933,0.48019601779384824,0.46921533740133503,0.478531500807713,0.5717706509891998,0.4643637586148933,0.4675161941170224,0.4648085647688586,0.470197086407301,0.472089033563542,0.467767917289049,0.4733717333111127,0.47258992805755395,0.47449791537884867,0.4624071943950643,0.5714816527397034,0.45989792503346716,0.442118983334885,0.4521560395346803,0.45157651884132277,0.45080704956367995,0.4302536231884058,0.45866503368034295,0.44416471857579576,0.4396505702499393,0.449844344517468,0.5633484162895928,0.4466611819552996,0.5488985038147769,0.5444864638724665,0.5426121037971617,0.5407184771718907,0.5401790137728308,0.4955994839066995,0.8275291366957409,3,0.011085610714303211,64,max,128
26,26,26_0,COMPLETED,BoTorch,0.5,0.46248527485109714,0.47095154737919875,0.4727240699761095,0.508785546784688,0.5088460987988682,0.5336944435269897,0.5294392883486916,0.520785260603754,0.5300383315620409,0.5191927998153798,0.3972762603076042,0.5312075720547733,0.5271601005274149,0.5289377127772997,0.5216729976167431,0.5202568952623938,0.5260717179704967,0.519993333819409,0.5211031175059951,0.5178014809359094,0.5312588697509747,0.39736433596459364,0.5301874163319947,0.548999162089191,0.5380258899676376,0.5330428095360165,0.5331089944675754,0.5547036749482402,0.5216166564605023,0.5340316489839958,0.534530453773356,0.5215611668396173,0.4147317545771818,0.5256410256410258,0.4409948145456948,0.4516079312129119,0.456330988318966,0.4597797007629553,0.4604044874547236,0.49784299176111085,0.33084421081550297,3,0.07017473562122413,64,max,128
27,27,27_0,COMPLETED,BoTorch,0.6051568297167267,0.5175986172121853,0.5102883376820688,0.5095231804119739,0.47811319923814555,0.477100329182768,0.4590723431427596,0.4636440202133633,0.47297618764421817,0.4666419879870557,0.47691286956075796,0.5892509165373055,0.4672731034304408,0.47321864712753536,0.47284906506665486,0.4793803531775405,0.480768046452294,0.476076111257554,0.48228774985157336,0.4833453237410072,0.4867425986084989,0.4751721665347096,0.589267430722991,0.47792838018741624,0.4606368122148776,0.4700428583923729,0.47517303255575494,0.4762020190497918,0.4544189958592133,0.4836088997754643,0.47062129113468804,0.47003154574132494,0.4812060417387294,0.5752166110689082,0.47857534622240505,0.5339421563122723,0.529389745791635,0.526560315310852,0.5232519734451895,0.5216170690623246,0.49961457899199896,0.8528755723780858,3,0.044142005753291365,64,max,128
16,16,16_0,COMPLETED,BoTorch,0.5,0.5,0.5,0.5,0.5,0.5,0.5,0.5,0.5,0.5,0.5,0.5,0.5,0.5,0.5,0.5,0.5,0.5,0.5,0.5,0.5,0.5,0.5,0.5,0.5,0.5,0.5,0.5,0.5,0.5,0.5,0.5,0.5,0.5,0.5,0.5,0.5,0.5,0.5,0.5,0.5,0.8528755723780858,2,0.1,32,mean,128
29,29,22_0,COMPLETED,BoTorch,0.5,0.4824564300734331,0.4902511257169909,0.4923979698561064,0.5228391188030519,0.5237694179300019,0.5438231440807654,0.5404597549294844,0.5277909936484525,0.535776124571606,0.5243275468601759,0.461389833867292,0.5338389128101685,0.5273016884358076,0.5284818270722579,0.5214371121106872,0.5186381031979941,0.5243827431684387,0.5178476569416813,0.5168345323741007,0.5123827811608117,0.5247157945056093,0.4612467109246843,0.5205488621151272,0.5376408155665208,0.528710749584536,0.5232504486029224,0.5236696515142873,0.5458398033126294,0.5135741988160849,0.5279176407121022,0.529289007522446,0.5174680041508128,0.46737897854256805,0.5175510763746057,0.46803404124142634,0.4724653477337033,0.4761865442415035,0.47879578557981306,0.47961048540696455,0.5086313556425822,0.3594975389606101,3,0.1,64,max,128
22,22,22_0,COMPLETED,BoTorch,0.5546922306261078,0.49392277966773457,0.5041230416928142,0.5067102641168764,0.5331329612136826,0.5331549801279298,0.5483067454943797,0.5445827966222986,0.5348145681185622,0.5424871332529286,0.5321995435780404,0.43334324184474465,0.5426639254173293,0.5352872464691515,0.5341803983852822,0.5276840110296809,0.5249725069282541,0.5296839762176727,0.5226650140093951,0.5219664268585132,0.5189983296726421,0.5299442792907187,0.4334203080446103,0.5246151271753681,0.5438599757936877,0.5338931164173882,0.5297872340425532,0.5300290880054753,0.5493335921325052,0.5097775056133904,0.5228376191332494,0.5223489444309634,0.5052461662631155,0.44529400755248755,0.5168654874537226,0.4613678149530447,0.46992216313813573,0.4802683004701038,0.4875207803503209,0.4902511257169909,0.5128841938587335,0.4684634531099277,3,0.1,64,max,128
10,10,10_0,COMPLETED,BoTorch,0.38768977551716927,0.6130561152029592,0.6128634497032952,0.6129295064460372,0.6121065495260429,0.6120102167762108,0.6110881747421035,0.6108597285067874,0.6204147536693865,0.6194786429910559,0.6289327931485422,0.3876732613314837,0.6253507376805412,0.6417613535804043,0.6411407436819389,0.6483597823346158,0.6539919940175076,0.6531158168096926,0.6510619017363317,0.6535071942446044,0.6611537095734746,0.6533215816913401,0.3869218658827933,0.654208500669344,0.6562982962480216,0.6512835651185166,0.6411304793642655,0.6320367307363257,0.627733566252588,0.6298632373953869,0.6273826649883114,0.6289735501091968,0.6255044390637612,0.3872769208750316,0.6404771698889347,0.3871448073895476,0.3876732613314837,0.3971991941077386,0.6127863835034295,0.6127918882319913,0.5788910531757997,0.5053665113410593,2,0.0023378337914747816,16,sum,128
23,23,23_0,COMPLETED,BoTorch,0.5,0.6138295295658971,0.6133478658167366,0.6143552311435523,0.6119551694905925,0.6120129691404916,0.6078376325263402,0.6091862910239896,0.6190588053381545,0.6173172683089929,0.6256666837611221,0.3895008312140128,0.6217205218718078,0.6366712682736895,0.6361076184383709,0.6439836994981332,0.6481766594818106,0.6469945035097482,0.6452862812086619,0.6479436450839329,0.654794628648087,0.6466216519024215,0.3879815261309465,0.6464190093708165,0.6473326505911926,0.6417825592582874,0.6319533452960779,0.6223835053898363,0.6189020445134576,0.6194529495815473,0.6168629742852005,0.6173258917738413,0.6139167531419347,0.3884136473230505,0.629747703277115,0.38677048584734286,0.6166892360537701,0.38775307989563035,0.6127093173035638,0.6128524402461715,0.5858961830027682,0.8528755723780858,2,0.0001,16,sum,128
2,2,2_0,COMPLETED,Sobol,0.3876539947815173,0.612034988054739,0.6120927877046383,0.6120459975118626,0.6120157215047726,0.6118065418194228,0.6112918496988914,0.6104936640574253,0.6229720246449557,0.621580311190189,0.6318655606554014,0.38772555625282124,0.6281631043355703,0.6457895295741743,0.6446959168817417,0.6525040466565263,0.6559143095939823,0.6562350506204297,0.6533586092680742,0.6563549160671462,0.663632896242421,0.6565109574102568,0.38754665257456156,0.6576974564926372,0.6600316544083419,0.6540824805387911,0.6451550884388618,0.6354018137226944,0.631243530020704,0.6342110634823435,0.6303497572379069,0.6328318369327832,0.6299435028248588,0.38624203190540674,0.645070615658851,0.6125001376182141,0.6123570146756063,0.6121808633616277,0.6121010447974811,0.6119056269335359,0.6006939214120697,0.8528755723780858,3,0.029596803379450407,16,sum,128
7,7,7_0,COMPLETED,Sobol,0.3847612599222733,0.6138625579372681,0.6141157754511125,0.613334103995332,0.6137139302660986,0.6118258083693893,0.6114955246556792,0.6093982230736201,0.6245926207864501,0.618027775455859,0.6289808713043925,0.38490988759344275,0.624038299908194,0.6512194258610315,0.6485305039007638,0.6573681684710552,0.6599348964061056,0.6608772906110575,0.6575718437197288,0.6624820143884891,0.6689726829139979,0.6617095651394512,0.38349241998877037,0.6635709504685408,0.6681686993762219,0.6602160412840026,0.6517175083311972,0.6399361204585639,0.6361768892339545,0.6375995101041028,0.6336989750044957,0.6362776025236594,0.6308659056843077,0.6094257467164295,0.6474358974358974,0.6108129383140117,0.6109890896279905,0.6112092787704638,0.6111790027633737,0.611272583148925,0.6088673288487909,0.8275291366957409,2,0.0020555726219821735,16,sum,128
14,14,14_0,COMPLETED,BoTorch,0.38752738602459513,0.6123735288612919,0.6121891204544704,0.6120652640618292,0.6114129537272517,0.610735872114146,0.6099074104655899,0.6090844535455957,0.6204831458001285,0.6174157840058274,0.6276891715172185,0.612334995761359,0.6236891785303282,0.6400446001911437,0.638464253413628,0.6472291587021417,0.6513394624554611,0.6500600415897843,0.6478538023269137,0.6509832134292566,0.658358870490445,0.6502815912519979,0.6123405004899208,0.6495649263721552,0.6511777301927195,0.6452374704801889,0.6363752883875929,0.6270176239091998,0.623236930641822,0.6265564400898141,0.6223026434094587,0.6232710507158457,0.6202006226219301,0.6124588521540002,0.6360208419031949,0.6124120619612248,0.6123405004899208,0.6122716913828979,0.6123074721185499,0.612434080875472,0.6181062077560208,0.8528755723780858,2,0.04652508860631645,16,mean,128
24,24,16_0,COMPLETED,BoTorch,0.38745031982472944,0.6124505950611576,0.6122056346401559,0.6121203113474474,0.6115202959342074,0.6108129383140117,0.6099762195726128,0.6091147295526858,0.6205574850726742,0.6174635491921714,0.6277372496730687,0.6124203190540676,0.6238863674567154,0.6401153941453399,0.6385708718446459,0.6474406422592951,0.6514230413935689,0.6504310302746292,0.6480829522847292,0.6511151079136692,0.6584509357778858,0.6504907306434023,0.6124175666897866,0.6499414323962517,0.6514011730751327,0.6455873349077232,0.6364521917457062,0.6275309416528831,0.623932453416149,0.6265564400898141,0.6223026434094587,0.6234166464450377,0.6202582728006457,0.6125882132752034,0.6359180035650623,0.6125276612610233,0.6124175666897865,0.6123515099470445,0.6123487575827636,0.6124285761469102,0.6182227046271266,0.8528755723780858,2,0.1,32,mean,128
4,4,4_0,COMPLETED,Sobol,0.5,0.6112478118703966,0.6110331274564851,0.610840461956821,0.6103808171219077,0.6096321740374983,0.608710132003391,0.6079367176404531,0.6194275281299807,0.6161529918918597,0.6264647811482346,0.6115065341128029,0.6223347168884233,0.6392800254858235,0.6382546930492137,0.6465621720988116,0.6506620331676417,0.6498794286774254,0.6479267136771277,0.6508872901678657,0.6582470769271237,0.649982820692849,0.6115065341128029,0.6499581659973226,0.6510566986314124,0.644483075308318,0.6362727505767752,0.626490047339303,0.6232531055900621,0.6265768524188611,0.6228645926991548,0.6244843484591118,0.6224778046811945,0.6116056192269159,0.6357466063348415,0.6114845151985555,0.611404696634409,0.6112312976847112,0.611269830784644,0.6112230405918684,0.6208734339556821,0.8528755723780858,2,0.05285635217614035,32,mean,128
18,18,18_0,COMPLETED,BoTorch,0.5,0.6122606819257742,0.6120652640618292,0.6119909502262444,0.6113826777201615,0.6106588059142803,0.6097835540729487,0.6090211491671346,0.6204771986583248,0.6173978720609484,0.6277116079899485,0.6123047197542689,0.6237796914801453,0.6400906162613713,0.6386407252994507,0.6473186325147835,0.6514098447191308,0.650514014585713,0.6481089920526628,0.6511270983213429,0.6583851748582853,0.6504309765315726,0.6123074721185499,0.6498661311914324,0.6512615212736244,0.6455545351176419,0.636618815688285,0.6276450122625905,0.6237707039337475,0.6266789140640947,0.6222576874662831,0.6233681145353069,0.6203159229793612,0.6124203190540675,0.6359522830111066,0.612370776497011,0.6123074721185497,0.6121946251830321,0.6122964626614262,0.6123432528542018,0.6215925963170458,0.8528755723780858,2,0.050305471408453185,16,mean,128
11,11,11_0,COMPLETED,BoTorch,0.5,0.613967147779943,0.6137111779018176,0.6136120927877047,0.613001067917341,0.6120845306117956,0.6112312976847112,0.610270722550671,0.6215060541903561,0.6181471884217189,0.6281250801302597,0.6139313670442911,0.624112649831258,0.6400304414003044,0.638655431289936,0.6471030819661464,0.650815994369419,0.6498208515166604,0.6475725728332309,0.6508153477218226,0.6576881091105178,0.6494749107422955,0.6139258623157292,0.6497322623828649,0.6514291034354343,0.6453905361672352,0.6365034606511151,0.6265328238179433,0.6219914596273293,0.6250051030822616,0.6206392735119584,0.6225673380247513,0.6193358699411968,0.6139919190584713,0.6351295763060469,0.614002928515595,0.6139809096013475,0.614000176151314,0.6140056808798758,0.6140001761513141,0.6221828110250714,0.8528755723780858,2,0.04811838583637709,32,mean,128
