trial_id,prefix_1_mae,prefix_1_n,prefix_2_mae,prefix_2_n,prefix_3_mae,prefix_3_n,prefix_4_mae,prefix_4_n,prefix_5_mae,prefix_5_n,prefix_6_mae,prefix_6_n,prefix_7_mae,prefix_7_n,prefix_8_mae,prefix_8_n,prefix_9_mae,prefix_9_n,prefix_10_mae,prefix_10_n,prefix_11_mae,prefix_11_n,prefix_12_mae,prefix_12_n,prefix_13_mae,prefix_13_n,prefix_14_mae,prefix_14_n,prefix_15_mae,prefix_15_n,prefix_16_mae,prefix_16_n,prefix_17_mae,prefix_17_n,prefix_18_mae,prefix_18_n,prefix_19_mae,prefix_19_n,prefix_20_mae,prefix_20_n
1,5.121457248263889,42,4.4685648148148145,38,4.025891203703703,35,4.296328125,29,3.679284939236111,28,3.7905183015046298,24,3.620315031828704,22,3.3283275462962965,19,3.5858174189814815,15,3.6817820457175925,13,2.422112811053241,12,1.8837290219907408,11,1.8044731987847222,10,1.6012015335648149,9,1.7231043836805555,7,1.7061391420717593,6,1.6691946976273149,5,1.4564863642939814,4,1.713777488425926,3,2.028360640914352,2
2,6.936560329861111,42,10.534652777777778,38,12.324930555555556,35,12.770183738425926,29,13.750024594907407,28,13.901100983796296,24,14.275596064814815,22,14.606254340277777,19,14.514907407407408,15,14.53247974537037,13,15.802686631944445,12,16.340966435185184,11,16.53074363425926,10,16.659072627314814,9,16.582734375,7,16.7165625,6,16.86935763888889,5,17.387200520833332,4,16.987741608796295,3,16.907546296296296,2
3,5.0829441550925925,42,4.404605396412037,38,3.9612160011574074,35,4.226504267939815,29,3.6078410734953703,28,3.7239948640046294,24,3.547723162615741,22,3.257258391203704,19,3.5224670862268517,15,3.6084866898148147,13,2.348492657696759,12,1.8099913194444444,11,1.7383362268518519,10,1.5393019386574074,9,1.6490304904513888,7,1.631678783275463,6,1.5947587528935185,5,1.3815821216724538,4,1.6387454788773148,3,1.9531309678819444,2
4,5.117232711226852,42,4.462594762731482,38,4.019382957175926,35,4.2896506076388885,29,3.6725169994212963,28,3.783689236111111,24,3.6134458188657406,22,3.321441333912037,19,3.57974609375,15,3.674845920138889,13,2.4151604094328705,12,1.8767673972800927,11,1.7974925853587962,10,1.5942127821180556,9,1.7161192491319444,7,1.6991333912037037,6,1.662186595775463,5,1.449486038773148,4,1.7067503978587963,3,2.0213393373842594,2
5,4.603349247685185,42,3.8265577980324075,38,3.4089131221064815,35,3.6007295283564815,29,3.050150824652778,28,3.1933991608796295,24,2.998013237847222,22,2.710706561053241,19,2.947088939525463,15,3.030898799189815,13,1.793211986400463,12,1.301429126880787,11,1.2264425998263888,10,1.201408962673611,9,1.2626183629918981,7,1.1534729456018518,6,1.0682340494791667,5,1.0971374963831018,4,1.1370040328414353,3,1.0768253580729166,2
6,4.268076171875,42,8.613982928240741,38,9.904398148148148,35,9.975694444444445,29,10.658113425925926,28,10.606143663194445,24,10.849954427083333,22,11.091487268518518,19,10.955322627314814,15,10.930377604166667,13,12.155504918981482,12,12.660397858796296,11,12.821258680555555,10,12.960801504629629,9,12.857209201388889,7,12.974810474537037,6,13.135405092592592,5,13.6233984375,4,13.174593460648149,3,13.064600694444444,2
7,5.114469401041666,42,4.459904875578704,38,4.016469184027778,35,4.286393952546296,29,3.66908203125,28,3.7801001880787037,24,3.6097551359953703,22,3.317664207175926,19,3.576414568865741,15,3.67094654224537,13,2.411208586516204,12,1.8727927879050925,11,1.7934684244791668,10,1.5901765046296297,9,1.7120789930555556,7,1.6950419560185186,6,1.6580879267939814,5,1.4453783275462964,4,1.7026171875,3,2.0172050419560184,2
8,5.106984592013889,42,4.447627314814815,38,4.002948857060185,35,4.272728949652778,29,3.655333839699074,28,3.7663190827546296,24,3.5959501591435186,22,3.3038917824074074,19,3.5644636140046297,15,3.6571578414351853,13,2.397427662037037,12,1.8589914279513888,11,1.7796572989004629,10,1.5774831814236112,9,1.6982640697337963,7,1.6812160011574073,6,1.6442503978587963,5,1.431536277488426,4,1.688742042824074,3,2.0032859519675927,2
9,5.117185329861111,42,4.4630747251157405,38,4.019872685185185,35,4.289929470486111,29,3.6727076099537035,28,3.783796657986111,24,3.613503689236111,22,3.321459056712963,19,3.57972728587963,15,3.6747862413194445,13,2.415061306423611,12,1.8766514756944443,11,1.7973415798611112,10,1.5940621383101852,9,1.7159711371527777,7,1.6989581524884259,6,1.6620057508680555,5,1.4493191189236112,4,1.706576786747685,3,2.021173502604167,2
10,3.9475907841435185,42,3.2921242042824073,38,2.989528175636574,35,3.058367693865741,29,2.5897813585069445,28,2.783679108796296,24,2.749756401909722,22,2.479849898726852,19,2.830648871527778,15,2.9460801866319444,13,1.9646610966435185,12,1.8819200303819446,11,1.7364992042824074,10,1.6138740596064816,9,1.509395797164352,7,1.4181688548900464,6,1.4455767144097222,5,1.6258199508101852,4,1.3168992332175926,3,1.0738209816261575,2
11,3.547228370949074,42,3.127357494212963,38,3.0017496744791665,35,3.087666377314815,29,2.929004810474537,28,3.159826027199074,24,3.369074797453704,22,3.102004123263889,19,3.319054181134259,15,3.3252260561342593,13,2.779599971064815,12,2.7390046296296298,11,2.5236814597800925,10,2.664427445023148,9,2.546389793113426,7,2.589591109664352,6,2.631301540798611,5,2.876886031539352,4,2.615132197627315,3,2.3164118561921296,2
12,5.451495225694444,42,8.184538483796297,38,9.678645833333333,35,9.970333478009259,29,10.836030092592592,28,10.928344184027777,24,11.228843315972222,22,11.56250144675926,19,11.508577112268519,15,11.533072193287037,13,12.74380931712963,12,13.248275462962964,11,13.400779803240741,10,13.52935474537037,9,13.441607349537037,7,13.614055266203703,6,13.736209490740741,5,14.245355902777778,4,13.86712962962963,3,13.795844907407407,2
13,3.620762080439815,42,4.56755859375,38,5.525511067708333,35,5.636999421296296,29,6.284407552083334,28,6.299273003472222,24,6.5107609953703705,22,6.37548828125,19,6.210821035879629,15,6.064699074074074,13,7.1627437789351855,12,7.718548900462963,11,7.8544285300925925,10,8.026154513888889,9,7.935216290509259,7,8.029762731481481,6,8.123616174768518,5,8.452590422453703,4,8.033434606481482,3,7.820532407407407,2
14,5.120656467013889,42,4.467203776041667,38,4.024425274884259,35,4.2948195167824075,29,3.6777567997685185,28,3.788974971064815,24,3.618759403935185,22,3.326769386574074,19,3.584380787037037,15,3.6802079716435183,13,2.4205360243055556,12,1.882147533275463,11,1.802886646412037,10,1.5996138961226851,9,1.7215143952546297,7,1.7045415581597223,6,1.6675944010416666,5,1.4548820891203704,4,1.712175021701389,3,2.0267625144675927,2
15,5.121161385995371,42,4.468157190393518,38,4.025427517361111,35,4.295827184606481,29,3.6787619357638888,28,3.7899793836805555,24,3.6197652633101853,22,3.3277705439814813,19,3.5852524594907407,15,3.6812098524305554,13,2.4215357349537037,12,1.8831474247685185,11,1.803888527199074,10,1.6006141493055555,9,1.7225150101273148,7,1.7055461516203703,6,1.668601345486111,5,1.4558948206018518,4,1.7131821469907407,3,2.027767107928241,2
16,5.121443504050926,42,4.468538049768519,38,4.025863353587963,35,4.29629955150463,29,3.6792552806712964,28,3.7904893663194446,24,3.6202860966435186,22,3.3282982494212963,19,3.5857881221064813,15,3.6817523871527778,13,2.4220835141782406,12,1.883699363425926,11,1.8044439019097223,10,1.601172236689815,9,1.7230747251157408,7,1.7061096643518519,6,1.6691652199074074,5,1.4564570674189814,4,1.7137480107060186,3,2.0283317057291668,2
17,5.092850477430556,42,4.432201967592593,38,3.9871487991898147,35,4.254794198495371,29,3.6366080729166668,28,3.7485384114583336,24,3.576227213541667,22,3.2838841869212962,19,3.546859447337963,15,3.636681134259259,13,2.376764322916667,12,1.8382231987847222,11,1.760925564236111,10,1.5611950231481482,9,1.6771788194444444,7,1.6599549696180556,6,1.622931857638889,5,1.4100146484375,4,1.6672679759837963,3,1.9816818576388888,2
18,4.171929976851852,42,3.426276765046296,38,3.0808716724537035,35,3.2211179832175927,29,2.7055009403935184,28,2.8558154296875,24,2.705202365451389,22,2.442447554976852,19,2.7585129123263887,15,2.838227900752315,13,1.7508481626157408,12,1.5789380787037037,11,1.468892234519676,10,1.3895192238136573,9,1.4130399124710649,7,1.1557002314814815,6,1.0401714409722222,5,1.2843525752314815,4,1.0875260416666668,3,1.0647928421585648,2
19,4.094764539930556,42,3.386494140625,38,3.053408203125,35,3.177081886574074,29,2.6681221064814813,28,2.8323381438078705,24,2.6969323278356483,22,2.4443183955439816,19,2.770198748553241,15,2.8504481336805556,13,1.7757277199074073,12,1.6433769169560186,11,1.5260933883101853,10,1.4367443395543982,9,1.432056297019676,7,1.206150173611111,6,1.1290503833912038,5,1.3628129521122685,4,1.1436799225983796,3,1.0745628978587962,2
20,4.999045500578704,42,4.291739366319445,38,3.850735677083333,35,4.098739149305556,29,3.479226707175926,28,3.6103967737268516,24,3.4195449942129628,22,3.139787326388889,19,3.3988154658564813,15,3.4654401765046297,13,2.205226417824074,12,1.681740451388889,11,1.623667896412037,10,1.4275178132233797,9,1.5049353479456018,7,1.48722412109375,6,1.4501131184895832,5,1.2553376374421297,4,1.4940219907407408,3,1.8083289930555555,2
21,5.120946903935185,42,4.467868923611111,38,4.025129484953704,35,4.295547236689814,29,3.6784928385416666,28,3.789718605324074,24,3.6195102719907406,22,3.3275202546296296,19,3.585035445601852,15,3.6809675202546295,13,2.4212972005208333,12,1.8829116030092592,11,1.8036548755787036,10,1.6003815827546297,9,1.7222846137152779,7,1.7053173828125,6,1.6683723958333334,5,1.4556656901041667,4,1.7129546440972223,3,2.027538158275463,2
22,4.295507450810185,42,3.5228909866898146,38,3.147279007523148,35,3.3093290653935186,29,2.7880781611689813,28,2.9429331235532405,24,2.7442592592592594,22,2.476880244502315,19,2.758581271701389,15,2.824708478009259,13,1.7112827329282407,12,1.4498075810185185,11,1.3538481987847222,10,1.2938051576967593,9,1.3700312861689814,7,1.153123824508102,6,0.941451732494213,5,1.1349504484953703,4,0.9895033094618055,3,1.0604249855324075,2
23,5.121332826967593,42,4.46840964988426,38,4.025717954282407,35,4.296149811921296,29,3.6791037326388887,28,3.790336009837963,24,3.6201320167824074,22,3.3281438078703705,19,3.585632595486111,15,3.6815964988425924,13,2.4219265407986112,12,1.8835423900462962,11,1.8042863859953704,10,1.6010149016203703,9,1.7229177517361112,7,1.7059519675925925,6,1.6690073423032408,5,1.4562995515046295,4,1.7135895905671297,3,2.0281734664351854,2
24,5.120949074074074,42,4.467693865740741,38,4.0249660011574075,35,4.29537941261574,29,3.678324652777778,28,3.7895496961805555,24,3.6193395543981484,22,3.327349537037037,19,3.584886429398148,15,3.680794270833333,13,2.421121780960648,12,1.8827360026041666,11,1.8034769241898148,10,1.6002036313657408,9,1.7221079282407408,7,1.7051381655092592,6,1.6681940827546295,5,1.4554838505497685,4,1.7127741608796296,3,2.027356589988426,2
25,5.120562065972222,42,4.467329282407407,38,4.024537037037037,35,4.294935619212963,29,3.677873625578704,28,3.7890943287037038,24,3.6188816550925926,22,3.326890190972222,19,3.5844871238425924,15,3.6803334780092594,13,2.4206617115162037,12,1.8822741247106483,11,1.8030141420717594,10,1.5997410300925925,9,1.7216449652777779,7,1.704674660011574,6,1.6677285879629629,5,1.4550207971643518,4,1.7123079427083334,3,2.0268934461805554,2
26,4.091384910300926,42,3.3899070457175924,38,3.056150896990741,35,3.1829904513888887,29,2.671852394386574,28,2.8358015046296297,24,2.695291160300926,22,2.4414388020833333,19,2.7682801649305557,15,2.8481752748842593,13,1.7729924406828703,12,1.6338639322916666,11,1.5180777994791668,10,1.431917136863426,9,1.433095070167824,7,1.1941980432581019,6,1.1080299660011574,5,1.3446438259548612,4,1.12983642578125,3,1.0700947627314814,2
27,4.130020978009259,42,3.402327473958333,38,3.0619129774305556,35,3.195474537037037,29,2.6807609953703704,28,2.8419278067129627,24,2.6958785445601854,22,2.436641890914352,19,2.7624005353009258,15,2.8430519386574074,13,1.7646620008680556,12,1.6162476490162037,11,1.5029055447048612,10,1.4180960648148149,9,1.4249471028645833,7,1.18117431640625,6,1.087835105613426,5,1.3252112268518519,4,1.11391357421875,3,1.0649177155671297,2
28,5.121474971064814,42,4.468591941550926,38,4.025920862268518,35,4.296358868634259,29,3.679314959490741,28,3.7905494068287036,24,3.620347222222222,22,3.328359375,19,3.5858492476851853,15,3.6818138744212963,13,2.4221448206018517,12,1.883760669849537,11,1.804505570023148,10,1.601233543113426,9,1.7231360315393518,7,1.7061713324652779,6,1.6692268880208334,5,1.4565185546875,4,1.7138100405092593,3,2.028393012152778,2
29,4.035873480902778,42,3.340214482060185,38,3.023437861689815,35,3.109191261574074,29,2.6170959924768518,28,2.8026316550925925,24,2.7133720341435184,22,2.4573010706018517,19,2.789707392939815,15,2.889114402488426,13,1.8621216724537037,12,1.7673676215277778,11,1.633787254050926,10,1.5294437210648149,9,1.4737396918402779,7,1.292095902054398,6,1.2891386357060186,5,1.494271556712963,4,1.2322588433159722,3,1.0739069733796296,2
30,4.919179325810185,42,4.219424189814815,38,3.7791590711805556,35,4.016981336805555,29,3.40558521412037,28,3.534416232638889,24,3.334962745949074,22,3.057047164351852,19,3.3062120225694445,15,3.3572392216435185,13,2.112984845196759,12,1.5916824001736112,11,1.5344222005208332,10,1.3409573025173611,9,1.4103901728877315,7,1.3948933919270834,6,1.3670921947337964,5,1.1981501374421297,4,1.379259982638889,3,1.6927613208912038,2
